{
  "formatVersion": 1,
  "database": {
    "version": 3,
    "identityHash": "cea465d5f01e5504f1f37fd771dcd648",
    "entities": [
      {
        "tableName": "vehicles",
        "createSql": "CREATE TABLE IF NOT EXISTS `${TABLE_NAME}` (`vehicleId` INTEGER NOT NULL, `year` TEXT, `make` TEXT, `model` TEXT, `submodel` TEXT, `engine` TEXT, `notes` TEXT, `entry_time` INTEGER, PRIMARY KEY(`vehicleId`))",
        "fields": [
          {
            "fieldPath": "vehicleId",
            "columnName": "vehicleId",
            "affinity": "INTEGER",
            "notNull": true
          },
          {
            "fieldPath": "year",
            "columnName": "year",
            "affinity": "TEXT",
            "notNull": false
          },
          {
            "fieldPath": "make",
            "columnName": "make",
            "affinity": "TEXT",
            "notNull": false
          },
          {
            "fieldPath": "model",
            "columnName": "model",
            "affinity": "TEXT",
            "notNull": false
          },
          {
            "fieldPath": "submodel",
            "columnName": "submodel",
            "affinity": "TEXT",
            "notNull": false
          },
          {
            "fieldPath": "engine",
            "columnName": "engine",
            "affinity": "TEXT",
            "notNull": false
          },
          {
            "fieldPath": "notes",
            "columnName": "notes",
            "affinity": "TEXT",
            "notNull": false
          },
          {
            "fieldPath": "entryTime",
            "columnName": "entry_time",
            "affinity": "INTEGER",
            "notNull": false
          }
        ],
        "primaryKey": {
          "columnNames": [
            "vehicleId"
          ],
          "autoGenerate": false
        },
        "indices": [],
        "foreignKeys": []
      }
    ],
    "views": [],
    "setupQueries": [
      "CREATE TABLE IF NOT EXISTS room_master_table (id INTEGER PRIMARY KEY,identity_hash TEXT)",
      "INSERT OR REPLACE INTO room_master_table (id,identity_hash) VALUES(42, 'cea465d5f01e5504f1f37fd771dcd648')"
    ]
  }
}