{
  "formatVersion": 1,
  "database": {
    "version": 3,
    "identityHash": "990be20294583c3deb13d36ab4feec93",
    "entities": [
      {
        "tableName": "records",
        "createSql": "CREATE TABLE IF NOT EXISTS `${TABLE_NAME}` (`recordId` INTEGER NOT NULL, `title` TEXT, `description` TEXT, `odometer` TEXT, `date` TEXT, `vehicle` TEXT, `entry_time` INTEGER, PRIMARY KEY(`recordId`))",
        "fields": [
          {
            "fieldPath": "recordId",
            "columnName": "recordId",
            "affinity": "INTEGER",
            "notNull": true
          },
          {
            "fieldPath": "title",
            "columnName": "title",
            "affinity": "TEXT",
            "notNull": false
          },
          {
            "fieldPath": "description",
            "columnName": "description",
            "affinity": "TEXT",
            "notNull": false
          },
          {
            "fieldPath": "odometer",
            "columnName": "odometer",
            "affinity": "TEXT",
            "notNull": false
          },
          {
            "fieldPath": "date",
            "columnName": "date",
            "affinity": "TEXT",
            "notNull": false
          },
          {
            "fieldPath": "vehicle",
            "columnName": "vehicle",
            "affinity": "TEXT",
            "notNull": false
          },
          {
            "fieldPath": "entryTime",
            "columnName": "entry_time",
            "affinity": "INTEGER",
            "notNull": false
          }
        ],
        "primaryKey": {
          "columnNames": [
            "recordId"
          ],
          "autoGenerate": false
        },
        "indices": [],
        "foreignKeys": []
      }
    ],
    "views": [],
    "setupQueries": [
      "CREATE TABLE IF NOT EXISTS room_master_table (id INTEGER PRIMARY KEY,identity_hash TEXT)",
      "INSERT OR REPLACE INTO room_master_table (id,identity_hash) VALUES(42, '990be20294583c3deb13d36ab4feec93')"
    ]
  }
}