{
  "formatVersion": 1,
  "database": {
    "version": 3,
    "identityHash": "8edfbc9749f887b74c6700b168c9b654",
    "entities": [
      {
        "tableName": "users",
        "createSql": "CREATE TABLE IF NOT EXISTS `${TABLE_NAME}` (`userId` INTEGER PRIMARY KEY AUTOINCREMENT NOT NULL, `first_name` TEXT, `last_name` TEXT, `email` TEXT, `fb_user_id` TEXT, `password` TEXT)",
        "fields": [
          {
            "fieldPath": "userId",
            "columnName": "userId",
            "affinity": "INTEGER",
            "notNull": true
          },
          {
            "fieldPath": "firstName",
            "columnName": "first_name",
            "affinity": "TEXT",
            "notNull": false
          },
          {
            "fieldPath": "lastName",
            "columnName": "last_name",
            "affinity": "TEXT",
            "notNull": false
          },
          {
            "fieldPath": "email",
            "columnName": "email",
            "affinity": "TEXT",
            "notNull": false
          },
          {
            "fieldPath": "fbUserId",
            "columnName": "fb_user_id",
            "affinity": "TEXT",
            "notNull": false
          },
          {
            "fieldPath": "password",
            "columnName": "password",
            "affinity": "TEXT",
            "notNull": false
          }
        ],
        "primaryKey": {
          "columnNames": [
            "userId"
          ],
          "autoGenerate": true
        },
        "indices": [],
        "foreignKeys": []
      }
    ],
    "views": [],
    "setupQueries": [
      "CREATE TABLE IF NOT EXISTS room_master_table (id INTEGER PRIMARY KEY,identity_hash TEXT)",
      "INSERT OR REPLACE INTO room_master_table (id,identity_hash) VALUES(42, '8edfbc9749f887b74c6700b168c9b654')"
    ]
  }
}